Array_Size,Average_Time
4000,0.00000013
5000,0.00000014
6000,0.00000014
7000,0.00000014
8000,0.00000015
9000,0.00000014
10000,0.00000017
11000,0.00000014
12000,0.00000015
13000,0.00000020
14000,0.00000015
15000,0.00000014
16000,0.00000015
