Array_Size,Average_Time
4000,0.00000100
5000,0.00000000
6000,0.00000000
7000,0.00000000
8000,0.00000000
9000,0.00001500
10000,0.00000900
11000,0.00000400
12000,0.00000600
13000,0.00000500
14000,0.00000100
15000,0.00000000
16000,0.00000600
